{"cameraMode":{"drawMode":0,"name":"Shaded","section":"Shading Mode"},"sceneLighting":true,"audioPlay":false,"sceneViewState":{"m_AlwaysRefresh":false,"showFog":true,"showSkybox":true,"showFlares":true,"showImageEffects":true,"showParticleSystems":true,"showVisualEffectGraphs":true,"m_FxEnabled":true},"in2DMode":false,"pivot":{"x":1032.6240234375,"y":575.0574340820313,"z":116.1148910522461},"rotation":{"x":0.11107499152421951,"y":0.010429552756249905,"z":-0.0011688944650813938,"w":0.9937598705291748},"size":554.8242797851563,"orthographic":false}